{"UUID":"jxSObFVfFDbIT5UNAOSxr3","layoutMainAxisSizing":null,"layoutCrossAxisSizing":null,"name":"Pomo - Pomodoro & Timer App UI Kit (Community)","isVisible":true,"boundaryRectangle":null,"style":null,"prototypeNodeUUID":null,"child":null,"constraints":null,"debug":false,"pngPath":"/usr/src/app/temp-out/pb-tmp-a5ef1811-2f4e-43f7-b6b5-8cfe0fe9ca35/pomowoko/lib/assets/images","pages":[{"UUID":"0:1","layoutMainAxisSizing":null,"layoutCrossAxisSizing":null,"name":"Design","isVisible":true,"boundaryRectangle":null,"style":null,"prototypeNodeUUID":null,"child":null,"constraints":null,"convert":true,"screens":[],"pbdlType":"page"},{"UUID":"201:2","layoutMainAxisSizing":null,"layoutCrossAxisSizing":null,"name":"More Products","isVisible":true,"boundaryRectangle":null,"style":null,"prototypeNodeUUID":null,"child":null,"constraints":null,"convert":true,"screens":[],"pbdlType":"page"},{"UUID":"2:2","layoutMainAxisSizing":null,"layoutCrossAxisSizing":null,"name":"Preview","isVisible":true,"boundaryRectangle":null,"style":null,"prototypeNodeUUID":null,"child":null,"constraints":null,"convert":true,"screens":[],"pbdlType":"page"},{"UUID":"2:3","layoutMainAxisSizing":null,"layoutCrossAxisSizing":null,"name":"Full Version","isVisible":true,"boundaryRectangle":null,"style":null,"prototypeNodeUUID":null,"child":null,"constraints":null,"convert":true,"screens":[],"pbdlType":"page"}],"miscPages":[],"sharedStyles":[],"globalStyles":{"UUID":"","layoutMainAxisSizing":null,"layoutCrossAxisSizing":null,"name":"","isVisible":false,"boundaryRectangle":null,"style":null,"prototypeNodeUUID":null,"child":null,"constraints":null,"pbdlType":"global_styles","designSystem":"material","colors":[{"UUID":"2:1144","layoutMainAxisSizing":null,"layoutCrossAxisSizing":null,"name":"Others / White","isVisible":false,"boundaryRectangle":null,"style":null,"prototypeNodeUUID":null,"child":null,"constraints":null,"description":"","pbdlType":"global_color","color":{"a":1.0,"r":1.0,"g":1.0,"b":1.0}},{"UUID":"2:1145","layoutMainAxisSizing":null,"layoutCrossAxisSizing":null,"name":"Secondary/500","isVisible":false,"boundaryRectangle":null,"style":null,"prototypeNodeUUID":null,"child":null,"constraints":null,"description":"","pbdlType":"global_color","color":{"a":1.0,"r":1.0,"g":0.8274509906768799,"b":0.0}},{"UUID":"2:66","layoutMainAxisSizing":null,"layoutCrossAxisSizing":null,"name":"Greyscale / 900","isVisible":false,"boundaryRectangle":null,"style":null,"prototypeNodeUUID":null,"child":null,"constraints":null,"description":"","pbdlType":"global_color","color":{"a":1.0,"r":0.12941177189350128,"g":0.12941177189350128,"b":0.12941177189350128}},{"UUID":"2:124","layoutMainAxisSizing":null,"layoutCrossAxisSizing":null,"name":"Primary/500","isVisible":false,"boundaryRectangle":null,"style":null,"prototypeNodeUUID":null,"child":null,"constraints":null,"description":"","pbdlType":"global_color","color":{"a":1.0,"r":1.0,"g":0.34117648005485535,"b":0.3607843220233917}},{"UUID":"2:159","layoutMainAxisSizing":null,"layoutCrossAxisSizing":null,"name":"Greyscale / 200","isVisible":false,"boundaryRectangle":null,"style":null,"prototypeNodeUUID":null,"child":null,"constraints":null,"description":"","pbdlType":"global_color","color":{"a":1.0,"r":0.9333333373069763,"g":0.9333333373069763,"b":0.9333333373069763}},{"UUID":"3:1332","layoutMainAxisSizing":null,"layoutCrossAxisSizing":null,"name":"Dark/Dark 2","isVisible":false,"boundaryRectangle":null,"style":null,"prototypeNodeUUID":null,"child":null,"constraints":null,"description":"","pbdlType":"global_color","color":{"a":1.0,"r":0.12156862765550613,"g":0.13333334028720856,"b":0.16470588743686676}},{"UUID":"2:860","layoutMainAxisSizing":null,"layoutCrossAxisSizing":null,"name":"Dark/Dark 1","isVisible":false,"boundaryRectangle":null,"style":null,"prototypeNodeUUID":null,"child":null,"constraints":null,"description":"","pbdlType":"global_color","color":{"a":1.0,"r":0.0941176488995552,"g":0.10196078568696976,"b":0.125490203499794}},{"UUID":"2:234","layoutMainAxisSizing":null,"layoutCrossAxisSizing":null,"name":"Dark/Dark 3","isVisible":false,"boundaryRectangle":null,"style":null,"prototypeNodeUUID":null,"child":null,"constraints":null,"description":"","pbdlType":"global_color","color":{"a":1.0,"r":0.2078431397676468,"g":0.21960784494876862,"b":0.24705882370471954}},{"UUID":"2:861","layoutMainAxisSizing":null,"layoutCrossAxisSizing":null,"name":"Greyscale / 800","isVisible":false,"boundaryRectangle":null,"style":null,"prototypeNodeUUID":null,"child":null,"constraints":null,"description":"","pbdlType":"global_color","color":{"a":1.0,"r":0.25882354378700256,"g":0.25882354378700256,"b":0.25882354378700256}},{"UUID":"2:235","layoutMainAxisSizing":null,"layoutCrossAxisSizing":null,"name":"Greyscale / 300","isVisible":false,"boundaryRectangle":null,"style":null,"prototypeNodeUUID":null,"child":null,"constraints":null,"description":"","pbdlType":"global_color","color":{"a":1.0,"r":0.8784313797950745,"g":0.8784313797950745,"b":0.8784313797950745}},{"UUID":"2:149","layoutMainAxisSizing":null,"layoutCrossAxisSizing":null,"name":"Greyscale / 700","isVisible":false,"boundaryRectangle":null,"style":null,"prototypeNodeUUID":null,"child":null,"constraints":null,"description":"","pbdlType":"global_color","color":{"a":1.0,"r":0.3803921639919281,"g":0.3803921639919281,"b":0.3803921639919281}},{"UUID":"2:173","layoutMainAxisSizing":null,"layoutCrossAxisSizing":null,"name":"Others / Black","isVisible":false,"boundaryRectangle":null,"style":null,"prototypeNodeUUID":null,"child":null,"constraints":null,"description":"","pbdlType":"global_color","color":{"a":1.0,"r":0.0,"g":0.0,"b":0.0}},{"UUID":"2:233","layoutMainAxisSizing":null,"layoutCrossAxisSizing":null,"name":"Primary/100","isVisible":false,"boundaryRectangle":null,"style":null,"prototypeNodeUUID":null,"child":null,"constraints":null,"description":"","pbdlType":"global_color","color":{"a":1.0,"r":1.0,"g":0.9333333373069763,"b":0.9372549057006836}},{"UUID":"2:367","layoutMainAxisSizing":null,"layoutCrossAxisSizing":null,"name":"Greyscale / 600","isVisible":false,"boundaryRectangle":null,"style":null,"prototypeNodeUUID":null,"child":null,"constraints":null,"description":"","pbdlType":"global_color","color":{"a":1.0,"r":0.4588235318660736,"g":0.4588235318660736,"b":0.4588235318660736}},{"UUID":"2:9","layoutMainAxisSizing":null,"layoutCrossAxisSizing":null,"name":"Red","isVisible":false,"boundaryRectangle":null,"style":null,"prototypeNodeUUID":null,"child":null,"constraints":null,"description":"","pbdlType":"global_color","color":{"a":1.0,"r":0.9215686321258545,"g":0.34117648005485535,"b":0.34117648005485535}},{"UUID":"3:1331","layoutMainAxisSizing":null,"layoutCrossAxisSizing":null,"name":"Primary/400","isVisible":false,"boundaryRectangle":null,"style":null,"prototypeNodeUUID":null,"child":null,"constraints":null,"description":"","pbdlType":"global_color","color":{"a":1.0,"r":1.0,"g":0.4745098054409027,"b":0.4901960790157318}},{"UUID":"201:3","layoutMainAxisSizing":null,"layoutCrossAxisSizing":null,"name":"Gray 1","isVisible":false,"boundaryRectangle":null,"style":null,"prototypeNodeUUID":null,"child":null,"constraints":null,"description":"","pbdlType":"global_color","color":{"a":1.0,"r":0.20000000298023224,"g":0.20000000298023224,"b":0.20000000298023224}},{"UUID":"201:4","layoutMainAxisSizing":null,"layoutCrossAxisSizing":null,"name":"Gray 4","isVisible":false,"boundaryRectangle":null,"style":null,"prototypeNodeUUID":null,"child":null,"constraints":null,"description":"","pbdlType":"global_color","color":{"a":1.0,"r":0.7411764860153198,"g":0.7411764860153198,"b":0.7411764860153198}}],"textStyles":[{"UUID":"2:82","layoutMainAxisSizing":null,"layoutCrossAxisSizing":null,"name":"H4 / bold","isVisible":false,"boundaryRectangle":null,"style":null,"prototypeNodeUUID":null,"child":null,"constraints":null,"description":"Previous style:\nH4/bold","pbdlType":"global_text_style","textStyle":{"UUID":"","layoutMainAxisSizing":null,"layoutCrossAxisSizing":null,"name":"","isVisible":false,"boundaryRectangle":null,"style":null,"prototypeNodeUUID":"","child":null,"constraints":null,"fontFamily":"Urbanist","fontPostScriptName":"UrbanistRoman-Bold","paragraphSpacing":0,"paragraphIndent":0,"listSpacing":0,"italics":null,"fontWeight":700,"fontSize":24.0,"textCase":"ORIGINAL","textDecoration":"NONE","textAutoResize":"WIDTH_AND_HEIGHT","textAlignHorizontal":"LEFT","textAlignVertical":"TOP","letterSpacing":0.0,"fills":null,"hyperLink":null,"opentypeFlags":{},"lineHeightPx":28.80000114440918,"lineHeightPercent":100.0,"lineHeightPercentFontSize":120.00000762939453,"lineHeightUnit":"FONT_SIZE_%","pbdlType":"text_style"}},{"UUID":"2:148","layoutMainAxisSizing":null,"layoutCrossAxisSizing":null,"name":"H5 / bold","isVisible":false,"boundaryRectangle":null,"style":null,"prototypeNodeUUID":null,"child":null,"constraints":null,"description":"Previous style:\nH5/bold","pbdlType":"global_text_style","textStyle":{"UUID":"","layoutMainAxisSizing":null,"layoutCrossAxisSizing":null,"name":"","isVisible":false,"boundaryRectangle":null,"style":null,"prototypeNodeUUID":"","child":null,"constraints":null,"fontFamily":"Urbanist","fontPostScriptName":"UrbanistRoman-Bold","paragraphSpacing":0,"paragraphIndent":0,"listSpacing":0,"italics":null,"fontWeight":700,"fontSize":20.0,"textCase":"ORIGINAL","textDecoration":"NONE","textAutoResize":"WIDTH_AND_HEIGHT","textAlignHorizontal":"LEFT","textAlignVertical":"TOP","letterSpacing":0.0,"fills":null,"hyperLink":null,"opentypeFlags":{},"lineHeightPx":24.0,"lineHeightPercent":100.0,"lineHeightPercentFontSize":120.00000762939453,"lineHeightUnit":"FONT_SIZE_%","pbdlType":"text_style"}},{"UUID":"2:150","layoutMainAxisSizing":null,"layoutCrossAxisSizing":null,"name":"body / medium / medium","isVisible":false,"boundaryRectangle":null,"style":null,"prototypeNodeUUID":null,"child":null,"constraints":null,"description":"","pbdlType":"global_text_style","textStyle":{"UUID":"","layoutMainAxisSizing":null,"layoutCrossAxisSizing":null,"name":"","isVisible":false,"boundaryRectangle":null,"style":null,"prototypeNodeUUID":"","child":null,"constraints":null,"fontFamily":"Urbanist","fontPostScriptName":"UrbanistRoman-Medium","paragraphSpacing":0,"paragraphIndent":0,"listSpacing":0,"italics":null,"fontWeight":500,"fontSize":14.0,"textCase":"ORIGINAL","textDecoration":"NONE","textAutoResize":"WIDTH_AND_HEIGHT","textAlignHorizontal":"LEFT","textAlignVertical":"TOP","letterSpacing":0.20000000298023224,"fills":null,"hyperLink":null,"opentypeFlags":{},"lineHeightPx":19.600000381469727,"lineHeightPercent":116.66666412353516,"lineHeightPercentFontSize":140.0,"lineHeightUnit":"FONT_SIZE_%","pbdlType":"text_style"}},{"UUID":"2:174","layoutMainAxisSizing":null,"layoutCrossAxisSizing":null,"name":"body / large / semibold","isVisible":false,"boundaryRectangle":null,"style":null,"prototypeNodeUUID":null,"child":null,"constraints":null,"description":"Previous style:\nbody/large/semibold","pbdlType":"global_text_style","textStyle":{"UUID":"","layoutMainAxisSizing":null,"layoutCrossAxisSizing":null,"name":"","isVisible":false,"boundaryRectangle":null,"style":null,"prototypeNodeUUID":"","child":null,"constraints":null,"fontFamily":"Urbanist","fontPostScriptName":"Urbanist-SemiBold","paragraphSpacing":0,"paragraphIndent":0,"listSpacing":0,"italics":null,"fontWeight":600,"fontSize":16.0,"textCase":"ORIGINAL","textDecoration":"NONE","textAutoResize":"WIDTH_AND_HEIGHT","textAlignHorizontal":"LEFT","textAlignVertical":"TOP","letterSpacing":0.20000000298023224,"fills":null,"hyperLink":null,"opentypeFlags":{},"lineHeightPx":22.399999618530273,"lineHeightPercent":116.66666412353516,"lineHeightPercentFontSize":140.0,"lineHeightUnit":"FONT_SIZE_%","pbdlType":"text_style"}},{"UUID":"2:366","layoutMainAxisSizing":null,"layoutCrossAxisSizing":null,"name":"body / large / regular","isVisible":false,"boundaryRectangle":null,"style":null,"prototypeNodeUUID":null,"child":null,"constraints":null,"description":"Previous style:\nbody/large/regular","pbdlType":"global_text_style","textStyle":{"UUID":"","layoutMainAxisSizing":null,"layoutCrossAxisSizing":null,"name":"","isVisible":false,"boundaryRectangle":null,"style":null,"prototypeNodeUUID":"","child":null,"constraints":null,"fontFamily":"Urbanist","fontPostScriptName":"Urbanist-Regular","paragraphSpacing":0,"paragraphIndent":0,"listSpacing":0,"italics":null,"fontWeight":400,"fontSize":16.0,"textCase":"ORIGINAL","textDecoration":"NONE","textAutoResize":"WIDTH_AND_HEIGHT","textAlignHorizontal":"LEFT","textAlignVertical":"TOP","letterSpacing":0.20000000298023224,"fills":null,"hyperLink":null,"opentypeFlags":{},"lineHeightPx":22.399999618530273,"lineHeightPercent":116.66666412353516,"lineHeightPercentFontSize":140.0,"lineHeightUnit":"FONT_SIZE_%","pbdlType":"text_style"}},{"UUID":"2:236","layoutMainAxisSizing":null,"layoutCrossAxisSizing":null,"name":"body / large / bold","isVisible":false,"boundaryRectangle":null,"style":null,"prototypeNodeUUID":null,"child":null,"constraints":null,"description":"Previous style:\nbody/large/bold","pbdlType":"global_text_style","textStyle":{"UUID":"","layoutMainAxisSizing":null,"layoutCrossAxisSizing":null,"name":"","isVisible":false,"boundaryRectangle":null,"style":null,"prototypeNodeUUID":"","child":null,"constraints":null,"fontFamily":"Urbanist","fontPostScriptName":"UrbanistRoman-Bold","paragraphSpacing":0,"paragraphIndent":0,"listSpacing":0,"italics":null,"fontWeight":700,"fontSize":16.0,"textCase":"ORIGINAL","textDecoration":"NONE","textAutoResize":"WIDTH_AND_HEIGHT","textAlignHorizontal":"LEFT","textAlignVertical":"TOP","letterSpacing":0.20000000298023224,"fills":null,"hyperLink":null,"opentypeFlags":{},"lineHeightPx":22.399999618530273,"lineHeightPercent":116.66666412353516,"lineHeightPercentFontSize":140.0,"lineHeightUnit":"FONT_SIZE_%","pbdlType":"text_style"}},{"UUID":"2:368","layoutMainAxisSizing":null,"layoutCrossAxisSizing":null,"name":"H2 / bold","isVisible":false,"boundaryRectangle":null,"style":null,"prototypeNodeUUID":null,"child":null,"constraints":null,"description":"Previous style:\nH2/bold","pbdlType":"global_text_style","textStyle":{"UUID":"","layoutMainAxisSizing":null,"layoutCrossAxisSizing":null,"name":"","isVisible":false,"boundaryRectangle":null,"style":null,"prototypeNodeUUID":"","child":null,"constraints":null,"fontFamily":"Urbanist","fontPostScriptName":"UrbanistRoman-Bold","paragraphSpacing":0,"paragraphIndent":0,"listSpacing":0,"italics":null,"fontWeight":700,"fontSize":40.0,"textCase":"ORIGINAL","textDecoration":"NONE","textAutoResize":"WIDTH_AND_HEIGHT","textAlignHorizontal":"LEFT","textAlignVertical":"TOP","letterSpacing":0.0,"fills":null,"hyperLink":null,"opentypeFlags":{},"lineHeightPx":44.0,"lineHeightPercent":91.66666412353516,"lineHeightPercentFontSize":110.0,"lineHeightUnit":"FONT_SIZE_%","pbdlType":"text_style"}}],"themeColors":[],"themeTextStyles":[]},"pbdlType":"project"}